{"cameraMode":{"drawMode":0,"name":"Shaded","section":"Shading Mode"},"sceneLighting":false,"audioPlay":false,"sceneViewState":{"m_AlwaysRefresh":false,"showFog":true,"showSkybox":true,"showFlares":true,"showImageEffects":true,"showParticleSystems":true,"showVisualEffectGraphs":true,"m_FxEnabled":true},"in2DMode":false,"pivot":{"x":-1.3157702684402466,"y":1.3077538013458253,"z":0.6024025082588196},"rotation":{"x":-0.09288182109594345,"y":0.2577287554740906,"z":-0.02489800751209259,"w":-0.9614224433898926},"size":2.1227946281433107,"orthographic":false}